<?xml version='1.0' encoding='UTF-8'?>
<org.jenkinsci.plugins.workflow.support.storage.SimpleXStreamFlowNodeStorage_-Tag plugin="workflow-support@2.0">
  <node class="org.jenkinsci.plugins.workflow.graph.FlowStartNode" plugin="workflow-api@2.0">
    <parentIds/>
    <id>2</id>
  </node>
  <actions>
    <org.jenkinsci.plugins.workflow.support.actions.WorkspaceActionImpl>
      <node></node>
      <path>/var/lib/jenkins/workspace/common-integration-DEV@script</path>
      <labels class="sorted-set"/>
    </org.jenkinsci.plugins.workflow.support.actions.WorkspaceActionImpl>
  </actions>
</org.jenkinsci.plugins.workflow.support.storage.SimpleXStreamFlowNodeStorage_-Tag>