<?xml version='1.0' encoding='UTF-8'?>
<org.jenkinsci.plugins.workflow.support.storage.SimpleXStreamFlowNodeStorage_-Tag plugin="workflow-support@2.0">
  <node class="org.jenkinsci.plugins.workflow.cps.nodes.StepAtomNode" plugin="workflow-cps@2.4">
    <parentIds>
      <string>7</string>
    </parentIds>
    <id>8</id>
    <descriptorId>org.jenkinsci.plugins.workflow.support.steps.StageStep</descriptorId>
  </node>
  <actions>
    <org.jenkinsci.plugins.workflow.support.actions.LogActionImpl>
      <charset>UTF-8</charset>
    </org.jenkinsci.plugins.workflow.support.actions.LogActionImpl>
    <org.jenkinsci.plugins.workflow.actions.LabelAction plugin="workflow-api@2.0">
      <displayName>Uploading Artifat to Nexus</displayName>
    </org.jenkinsci.plugins.workflow.actions.LabelAction>
    <org.jenkinsci.plugins.workflow.support.steps.StageStepExecution_-StageActionImpl plugin="pipeline-stage-step@2.1">
      <stageName>Uploading Artifat to Nexus</stageName>
    </org.jenkinsci.plugins.workflow.support.steps.StageStepExecution_-StageActionImpl>
    <org.jenkinsci.plugins.workflow.actions.TimingAction plugin="workflow-api@2.0">
      <startTime>1478059591400</startTime>
    </org.jenkinsci.plugins.workflow.actions.TimingAction>
  </actions>
</org.jenkinsci.plugins.workflow.support.storage.SimpleXStreamFlowNodeStorage_-Tag>