<?xml version='1.0' encoding='UTF-8'?>
<org.jenkinsci.plugins.workflow.support.storage.SimpleXStreamFlowNodeStorage_-Tag plugin="workflow-support@2.0">
  <node class="org.jenkinsci.plugins.workflow.cps.nodes.StepStartNode" plugin="workflow-cps@2.4">
    <parentIds>
      <string>26</string>
    </parentIds>
    <id>27</id>
    <descriptorId>org.jenkinsci.plugins.credentialsbinding.impl.BindingStep</descriptorId>
  </node>
  <actions>
    <org.jenkinsci.plugins.workflow.actions.BodyInvocationAction plugin="workflow-api@2.0"/>
    <org.jenkinsci.plugins.workflow.actions.TimingAction plugin="workflow-api@2.0">
      <startTime>1478153922245</startTime>
    </org.jenkinsci.plugins.workflow.actions.TimingAction>
  </actions>
</org.jenkinsci.plugins.workflow.support.storage.SimpleXStreamFlowNodeStorage_-Tag>