<?xml version='1.0' encoding='UTF-8'?>
<org.jenkinsci.plugins.workflow.support.storage.SimpleXStreamFlowNodeStorage_-Tag plugin="workflow-support@2.0">
  <node class="org.jenkinsci.plugins.workflow.cps.nodes.StepEndNode" plugin="workflow-cps@2.4">
    <parentIds>
      <string>40</string>
    </parentIds>
    <id>41</id>
    <startId>3</startId>
  </node>
  <actions>
    <org.jenkinsci.plugins.workflow.actions.TimingAction plugin="workflow-api@2.0">
      <startTime>1478153935278</startTime>
    </org.jenkinsci.plugins.workflow.actions.TimingAction>
  </actions>
</org.jenkinsci.plugins.workflow.support.storage.SimpleXStreamFlowNodeStorage_-Tag>