<?xml version='1.0' encoding='UTF-8'?>
<org.jenkinsci.plugins.workflow.support.storage.SimpleXStreamFlowNodeStorage_-Tag plugin="workflow-support@2.0">
  <node class="org.jenkinsci.plugins.workflow.cps.nodes.StepAtomNode" plugin="workflow-cps@2.4">
    <parentIds>
      <string>8</string>
    </parentIds>
    <id>9</id>
    <descriptorId>org.jenkinsci.plugins.workflow.steps.ReadFileStep</descriptorId>
  </node>
  <actions>
    <org.jenkinsci.plugins.workflow.actions.TimingAction plugin="workflow-api@2.0">
      <startTime>1478153812602</startTime>
    </org.jenkinsci.plugins.workflow.actions.TimingAction>
  </actions>
</org.jenkinsci.plugins.workflow.support.storage.SimpleXStreamFlowNodeStorage_-Tag>