<?xml version='1.0' encoding='UTF-8'?>
<org.jenkinsci.plugins.workflow.support.storage.SimpleXStreamFlowNodeStorage_-Tag plugin="workflow-support@2.0">
  <node class="org.jenkinsci.plugins.workflow.cps.nodes.StepAtomNode" plugin="workflow-cps@2.4">
    <parentIds>
      <string>10</string>
    </parentIds>
    <id>11</id>
    <descriptorId>org.jenkinsci.plugins.workflow.steps.durable_task.ShellStep</descriptorId>
  </node>
  <actions>
    <org.jenkinsci.plugins.workflow.support.actions.LogActionImpl>
      <charset>UTF-8</charset>
    </org.jenkinsci.plugins.workflow.support.actions.LogActionImpl>
    <org.jenkinsci.plugins.workflow.actions.TimingAction plugin="workflow-api@2.0">
      <startTime>1478060731883</startTime>
    </org.jenkinsci.plugins.workflow.actions.TimingAction>
  </actions>
</org.jenkinsci.plugins.workflow.support.storage.SimpleXStreamFlowNodeStorage_-Tag>