<?xml version='1.0' encoding='UTF-8'?>
<org.jenkinsci.plugins.workflow.support.storage.SimpleXStreamFlowNodeStorage_-Tag plugin="workflow-support@2.0">
  <node class="org.jenkinsci.plugins.workflow.cps.nodes.StepStartNode" plugin="workflow-cps@2.4">
    <parentIds>
      <string>2</string>
    </parentIds>
    <id>3</id>
    <descriptorId>org.jenkinsci.plugins.workflow.support.steps.ExecutorStep</descriptorId>
  </node>
  <actions>
    <org.jenkinsci.plugins.workflow.support.actions.LogActionImpl>
      <charset>UTF-8</charset>
    </org.jenkinsci.plugins.workflow.support.actions.LogActionImpl>
    <org.jenkinsci.plugins.workflow.actions.TimingAction plugin="workflow-api@2.0">
      <startTime>1478062360894</startTime>
    </org.jenkinsci.plugins.workflow.actions.TimingAction>
    <org.jenkinsci.plugins.workflow.support.actions.WorkspaceActionImpl>
      <node>jenkins-slave-ami (i-f5580c5a)</node>
      <path>/home/centos/workspace/common-integration-DEV</path>
      <labels class="sorted-set">
        <hudson.model.labels.LabelAtom>linux-t2medium</hudson.model.labels.LabelAtom>
      </labels>
    </org.jenkinsci.plugins.workflow.support.actions.WorkspaceActionImpl>
  </actions>
</org.jenkinsci.plugins.workflow.support.storage.SimpleXStreamFlowNodeStorage_-Tag>